INSERT INTO `rol`(`CARGO`, `NOMBRE_CARGO`) VALUES (1,'Administrador');
INSERT INTO `rol`(`CARGO`, `NOMBRE_CARGO`) VALUES (2,'Doctor');
INSERT INTO `rol`(`CARGO`, `NOMBRE_CARGO`) VALUES (3,'Laboratorio');

#administrador
#1234567890 admin
INSERT INTO `personal_medico` (`ID_PERSONALMEDICO`, `CED_PERSONAL`, `CODIGO_AS400`, `NOM_PERSONAL`, `APE_PERSONAL`, `CARGO`) 
	VALUES ('10', '1234567890', '666', 'Alexander ', 'Sandoval', 1);
INSERT INTO `usuarios` (`ID_USUARIO`, `ID_PERSONALMEDICO`, `USUARIO`, `PASSWORD`, `FEC_CREACION`) 
	VALUES ('111', '10', '1234567890', '21232F297A57A5A743894A0E4A801FC3' , '2022-03-09 21:38:28.000000');
#doctor 1111111111,2222222222
INSERT INTO `personal_medico` (`ID_PERSONALMEDICO`, `CED_PERSONAL`, `CODIGO_AS400`, `NOM_PERSONAL`, `APE_PERSONAL`, `CARGO`)
	VALUES ('20', '1111111111', '666', 'Fabián ', 'Rodriguez', 2);
INSERT INTO `usuarios` (`ID_USUARIO`, `ID_PERSONALMEDICO`, `USUARIO`, `PASSWORD`, `FEC_CREACION`) 
	VALUES ('112', '20', '1111111111', '21232F297A57A5A743894A0E4A801FC3' , '2022-03-09 21:38:28.000000');

INSERT INTO `personal_medico` (`ID_PERSONALMEDICO`, `CED_PERSONAL`, `CODIGO_AS400`, `NOM_PERSONAL`, `APE_PERSONAL`, `CARGO`)
	VALUES ('30', '2222222222', '666', 'Yaiza ', 'Sala', 2);
INSERT INTO `usuarios` (`ID_USUARIO`, `ID_PERSONALMEDICO`, `USUARIO`, `PASSWORD`, `FEC_CREACION`) 
	VALUES ('113', '30', '2222222222', '21232F297A57A5A743894A0E4A801FC3' , '2022-03-09 21:38:28.000000');

#laboratorio 3333333333, 4444444444

INSERT INTO `personal_medico` (`ID_PERSONALMEDICO`, `CED_PERSONAL`, `CODIGO_AS400`, `NOM_PERSONAL`, `APE_PERSONAL`, `CARGO`)
	VALUES ('40', '3333333333', '666', 'Ovidio ', 'Sola', 3);
INSERT INTO `usuarios` (`ID_USUARIO`, `ID_PERSONALMEDICO`, `USUARIO`, `PASSWORD`, `FEC_CREACION`) 
	VALUES ('114', '40', '3333333333', '21232F297A57A5A743894A0E4A801FC3' , '2022-03-09 21:38:28.000000');

INSERT INTO `personal_medico` (`ID_PERSONALMEDICO`, `CED_PERSONAL`, `CODIGO_AS400`, `NOM_PERSONAL`, `APE_PERSONAL`, `CARGO`)
	VALUES ('50', '4444444444', '666', 'Asdrubal ', 'Rueda', 3);
INSERT INTO `usuarios` (`ID_USUARIO`, `ID_PERSONALMEDICO`, `USUARIO`, `PASSWORD`, `FEC_CREACION`) 
	VALUES ('115', '50', '4444444444', '21232F297A57A5A743894A0E4A801FC3' , '2022-03-09 21:38:28.000000');


#usuario administrador
# 1234567890
#usuarios diagnostico
# 1111111111 , 2222222222
#usuarios laboratorio
# 3333333333 , 4444444444
#todos tiene contraseña admin
